{"temperature": 36.0096463022508, "humidity": 74.89260450160772}