{"temperature": 35.95986394557823, "humidity": 75.22176870748298}